1.fa_orf00006_rev	15.fa_orf00153
1.fa_orf00007_rev	9.fa_orf00434
1.fa_orf00008_rev	21.fa_orf00261	25.fa_orf00593
1.fa_orf00009	21.fa_orf01740	25.fa_orf01017
1.fa_orf00011	9.fa_orf02146_rev	15.fa_orf00605	21.fa_orf00881_rev
1.fa_orf00013_rev	9.fa_orf02010_rev
1.fa_orf00018_rev	15.fa_orf01010_rev	21.fa_orf00074
1.fa_orf00020	25.fa_orf00232
1.fa_orf00023	9.fa_orf00319	15.fa_orf00039
1.fa_orf00024	15.fa_orf00025	21.fa_orf00468	25.fa_orf00285
1.fa_orf00026_rev	9.fa_orf00103_rev	15.fa_orf00367_rev	21.fa_orf01431_rev
1.fa_orf00027	9.fa_orf01789_rev	15.fa_orf00411	21.fa_orf01171
1.fa_orf00029_rev	21.fa_orf00236
1.fa_orf00030_rev	9.fa_orf01275_rev	15.fa_orf00027_rev
1.fa_orf00031	9.fa_orf01925_rev	21.fa_orf01351	25.fa_orf01262_rev
1.fa_orf00032	15.fa_orf00557	21.fa_orf01395_rev
1.fa_orf00033_rev	9.fa_orf02321	15.fa_orf00390_rev	25.fa_orf01174
1.fa_orf00037	9.fa_orf02239	21.fa_orf01957	25.fa_orf00497
1.fa_orf00039_rev	9.fa_orf01441_rev	15.fa_orf00364_rev	21.fa_orf00222	25.fa_orf00250
1.fa_orf00041_rev	9.fa_orf01734_rev	21.fa_orf01032
1.fa_orf00043_rev	9.fa_orf02492_rev	15.fa_orf00769	21.fa_orf00316_rev	25.fa_orf00746
1.fa_orf00044_rev	9.fa_orf00894	21.fa_orf01583_rev	25.fa_orf01525_rev
1.fa_orf00045_rev	9.fa_orf00572	15.fa_orf00896_rev	25.fa_orf00442
1.fa_orf00047	9.fa_orf00970	21.fa_orf00621	25.fa_orf01823
1.fa_orf00049	21.fa_orf01958
1.fa_orf00052	9.fa_orf01794_rev
1.fa_orf00054	15.fa_orf00583_rev	21.fa_orf01540
1.fa_orf00055_rev	21.fa_orf01644_rev
1.fa_orf00056	21.fa_orf02041	25.fa_orf00913_rev
1.fa_orf00059	9.fa_orf01857_rev	15.fa_orf00854_rev
1.fa_orf00060	15.fa_orf01029	21.fa_orf01561	25.fa_orf01919_rev
1.fa_orf00061_rev	15.fa_orf00458
1.fa_orf00062	15.fa_orf00099_rev
1.fa_orf00066_rev	15.fa_orf01206_rev
1.fa_orf00068_rev	9.fa_orf01217_rev	15.fa_orf01032_rev	25.fa_orf00892
1.fa_orf00070_rev	9.fa_orf00998	15.fa_orf00361	21.fa_orf00109_rev	25.fa_orf01591_rev
1.fa_orf00072_rev	15.fa_orf00956_rev
1.fa_orf00075_rev	15.fa_orf00947	21.fa_orf01459_rev
1.fa_orf00077	9.fa_orf02377_rev	15.fa_orf00764_rev	21.fa_orf01492_rev	25.fa_orf01856_rev
1.fa_orf00080_rev	9.fa_orf01478	15.fa_orf00660_rev
1.fa_orf00081_rev	9.fa_orf01987	21.fa_orf00948	25.fa_orf01001
1.fa_orf00083	9.fa_orf01898_rev	15.fa_orf00607_rev	21.fa_orf00050	25.fa_orf01872_rev
1.fa_orf00084_rev	9.fa_orf00042	15.fa_orf00131	21.fa_orf00006	25.fa_orf01763_rev
1.fa_orf00085_rev	15.fa_orf01234_rev	21.fa_orf00713
1.fa_orf00086	15.fa_orf00675_rev
1.fa_orf00088	9.fa_orf01827_rev	15.fa_orf01008_rev	21.fa_orf00866	25.fa_orf00246
1.fa_orf00089	9.fa_orf01390_rev	15.fa_orf00378	21.fa_orf01190_rev	25.fa_orf00928_rev
1.fa_orf00090_rev	9.fa_orf00142	21.fa_orf00026	25.fa_orf00342
1.fa_orf00093_rev	9.fa_orf01811_rev
1.fa_orf00094_rev	9.fa_orf00184	15.fa_orf01161	21.fa_orf00531_rev
1.fa_orf00095	15.fa_orf00707_rev	25.fa_orf01007
1.fa_orf00100_rev	9.fa_orf02070_rev	15.fa_orf00275	21.fa_orf01343_rev	25.fa_orf01875_rev
1.fa_orf00102_rev	9.fa_orf00807	15.fa_orf00952	21.fa_orf01529_rev	25.fa_orf01457_rev
1.fa_orf00103	9.fa_orf00846	15.fa_orf00961_rev	21.fa_orf01962	25.fa_orf00997
1.fa_orf00105	9.fa_orf00036_rev
1.fa_orf00107	15.fa_orf00212
1.fa_orf00108	9.fa_orf00810	15.fa_orf00732_rev	21.fa_orf00114	25.fa_orf00449
1.fa_orf00110	9.fa_orf02152	25.fa_orf01697_rev
1.fa_orf00112	9.fa_orf00347_rev	15.fa_orf00426_rev	21.fa_orf01414_rev
1.fa_orf00113	25.fa_orf01095
1.fa_orf00114	9.fa_orf02399_rev	15.fa_orf01050_rev
1.fa_orf00115_rev	9.fa_orf01223_rev	15.fa_orf00137_rev	25.fa_orf00056
1.fa_orf00116_rev	9.fa_orf00820	15.fa_orf00810	21.fa_orf00726
1.fa_orf00118_rev	21.fa_orf00061	25.fa_orf00953
1.fa_orf00120_rev	9.fa_orf00335	15.fa_orf00510_rev	21.fa_orf00753_rev	25.fa_orf01768
1.fa_orf00121_rev	9.fa_orf01748_rev	15.fa_orf00373_rev	21.fa_orf00540	25.fa_orf00798
1.fa_orf00124	9.fa_orf01285_rev
1.fa_orf00125	9.fa_orf01954	21.fa_orf01284_rev	25.fa_orf00731
1.fa_orf00127	9.fa_orf00600	15.fa_orf00084_rev
1.fa_orf00129_rev	9.fa_orf02117_rev	15.fa_orf00382
1.fa_orf00131_rev	9.fa_orf01149_rev	15.fa_orf00404_rev	21.fa_orf01327_rev
1.fa_orf00132_rev	9.fa_orf02150	15.fa_orf00192	21.fa_orf00870	25.fa_orf01231_rev
1.fa_orf00133	9.fa_orf00578	21.fa_orf00130_rev
1.fa_orf00134	9.fa_orf00111	15.fa_orf00745_rev	21.fa_orf02084	25.fa_orf01025
1.fa_orf00136	9.fa_orf02647_rev	15.fa_orf01028_rev	21.fa_orf01637	25.fa_orf01886_rev
1.fa_orf00137	9.fa_orf01808_rev	15.fa_orf00309_rev	21.fa_orf00348	25.fa_orf00758
1.fa_orf00138_rev	9.fa_orf01706_rev	15.fa_orf01220_rev	21.fa_orf01756_rev	25.fa_orf00450
1.fa_orf00139	9.fa_orf02438_rev	15.fa_orf00028
1.fa_orf00140	15.fa_orf00889_rev	25.fa_orf00070
1.fa_orf00142_rev	25.fa_orf01585_rev
1.fa_orf00144	9.fa_orf02433_rev	21.fa_orf01732_rev	25.fa_orf00118
1.fa_orf00146_rev	9.fa_orf00563_rev	15.fa_orf01209	25.fa_orf00816
1.fa_orf00147_rev	9.fa_orf01052_rev	15.fa_orf00753_rev	21.fa_orf00607	25.fa_orf01323_rev
1.fa_orf00148	9.fa_orf00855	15.fa_orf00550	21.fa_orf01837_rev	25.fa_orf01340_rev
1.fa_orf00149_rev	15.fa_orf00926_rev	21.fa_orf01552_rev	25.fa_orf01491
1.fa_orf00150	9.fa_orf01563_rev	15.fa_orf00602_rev	21.fa_orf00258	25.fa_orf01211_rev
1.fa_orf00152_rev	9.fa_orf00857	15.fa_orf00427	21.fa_orf01202_rev	25.fa_orf00891
1.fa_orf00154	9.fa_orf00701	15.fa_orf00985
1.fa_orf00155_rev	9.fa_orf02483_rev	21.fa_orf01691_rev
1.fa_orf00157_rev	15.fa_orf01118_rev	21.fa_orf01615_rev
1.fa_orf00158	9.fa_orf00822	15.fa_orf00858_rev	25.fa_orf01655_rev
1.fa_orf00159_rev	9.fa_orf00668	15.fa_orf00568	25.fa_orf00159
1.fa_orf00160_rev	9.fa_orf01122_rev	21.fa_orf01280_rev
1.fa_orf00161	9.fa_orf00927	15.fa_orf00012	21.fa_orf00574	25.fa_orf01240
1.fa_orf00162	15.fa_orf00501	21.fa_orf00146	25.fa_orf01578_rev
1.fa_orf00163_rev	25.fa_orf00572
1.fa_orf00164_rev	9.fa_orf00845	25.fa_orf01302_rev
1.fa_orf00167_rev	9.fa_orf02160	21.fa_orf01008	25.fa_orf01184_rev
1.fa_orf00169_rev	21.fa_orf00245
1.fa_orf00170_rev	9.fa_orf01215_rev	15.fa_orf00921	21.fa_orf01730
1.fa_orf00171	15.fa_orf00407_rev	21.fa_orf01279_rev
1.fa_orf00172_rev	9.fa_orf00542	21.fa_orf01604_rev
1.fa_orf00173_rev	9.fa_orf00844	25.fa_orf00848
1.fa_orf00174	9.fa_orf00660_rev	15.fa_orf00954_rev	21.fa_orf01570_rev	25.fa_orf01726_rev
1.fa_orf00175_rev	9.fa_orf01256_rev
1.fa_orf00176	9.fa_orf01895_rev	15.fa_orf00368_rev	21.fa_orf00667
1.fa_orf00178	9.fa_orf01554_rev	21.fa_orf00691	25.fa_orf01995
1.fa_orf00179	9.fa_orf02206_rev	15.fa_orf00545
1.fa_orf00180	15.fa_orf00957_rev	21.fa_orf00438	25.fa_orf01000
1.fa_orf00181_rev	9.fa_orf02258_rev	21.fa_orf01296_rev	25.fa_orf00664
1.fa_orf00184_rev	9.fa_orf00827	15.fa_orf00210	25.fa_orf00789
1.fa_orf00185	9.fa_orf01481_rev	15.fa_orf00128_rev	25.fa_orf01661_rev
1.fa_orf00186	15.fa_orf00692_rev
1.fa_orf00187_rev	15.fa_orf01053_rev	25.fa_orf01090_rev
1.fa_orf00188	9.fa_orf02274_rev	15.fa_orf00606_rev	21.fa_orf00670	25.fa_orf01410
1.fa_orf00189_rev	9.fa_orf00228	15.fa_orf00112_rev	21.fa_orf00597
1.fa_orf00191_rev	9.fa_orf00759	15.fa_orf00649_rev	25.fa_orf00365
1.fa_orf00192	15.fa_orf00900_rev	21.fa_orf00771	25.fa_orf01874_rev
1.fa_orf00193_rev	9.fa_orf00712	15.fa_orf01093_rev	21.fa_orf01183_rev	25.fa_orf00907
1.fa_orf00194_rev	9.fa_orf02210	15.fa_orf01027_rev	21.fa_orf01175_rev	25.fa_orf01547_rev
1.fa_orf00196	9.fa_orf00734	15.fa_orf01019_rev	21.fa_orf01079	25.fa_orf01266_rev
1.fa_orf00198_rev	9.fa_orf00586	15.fa_orf01073	25.fa_orf01537_rev
1.fa_orf00201	9.fa_orf00208_rev	21.fa_orf00333
1.fa_orf00205	9.fa_orf02087	15.fa_orf00199	21.fa_orf01739_rev	25.fa_orf01067_rev
1.fa_orf00208	9.fa_orf01131_rev	15.fa_orf00214_rev	21.fa_orf01621_rev	25.fa_orf01521_rev
1.fa_orf00209	9.fa_orf00710_rev	25.fa_orf01772_rev
1.fa_orf00210	9.fa_orf00634_rev	15.fa_orf01145_rev	21.fa_orf00956
1.fa_orf00212	9.fa_orf02334_rev	15.fa_orf00060	21.fa_orf00779
1.fa_orf00213_rev	9.fa_orf01004	15.fa_orf00734_rev	25.fa_orf01404_rev
1.fa_orf00215	9.fa_orf02606	15.fa_orf00937	21.fa_orf00396_rev	25.fa_orf00944
1.fa_orf00216_rev	9.fa_orf01465	21.fa_orf01948	25.fa_orf01737_rev
1.fa_orf00221_rev	9.fa_orf02064_rev	25.fa_orf01964_rev
1.fa_orf00223_rev	9.fa_orf00554	15.fa_orf00925_rev	21.fa_orf01525_rev	25.fa_orf01573_rev
1.fa_orf00224_rev	25.fa_orf00115_rev
1.fa_orf00226	15.fa_orf00108_rev	21.fa_orf00094	25.fa_orf01605
1.fa_orf00227	9.fa_orf02217_rev	15.fa_orf00516	21.fa_orf01078
1.fa_orf00229_rev	9.fa_orf00828	21.fa_orf00844	25.fa_orf01927
1.fa_orf00231_rev	9.fa_orf02640_rev	21.fa_orf01375_rev
1.fa_orf00232_rev	9.fa_orf02234	15.fa_orf00191	21.fa_orf00795	25.fa_orf00373_rev
1.fa_orf00234_rev	9.fa_orf01178_rev	15.fa_orf00553	21.fa_orf01653_rev	25.fa_orf00903
1.fa_orf00236_rev	9.fa_orf01733_rev	21.fa_orf01336_rev	25.fa_orf01628_rev
1.fa_orf00237	21.fa_orf00322	25.fa_orf00761
1.fa_orf00239	15.fa_orf00804	21.fa_orf00105	25.fa_orf01779_rev
1.fa_orf00241	9.fa_orf01088_rev	15.fa_orf00201
1.fa_orf00242_rev	15.fa_orf01092
1.fa_orf00243	9.fa_orf01354_rev	15.fa_orf01100
1.fa_orf00245	9.fa_orf00739	21.fa_orf00328	25.fa_orf01009
1.fa_orf00246	15.fa_orf00318	21.fa_orf00524
1.fa_orf00247	15.fa_orf00452	21.fa_orf00636	25.fa_orf01314
1.fa_orf00250	15.fa_orf00284	21.fa_orf00896	25.fa_orf01947_rev
1.fa_orf00251	25.fa_orf00213
1.fa_orf00254	9.fa_orf01487_rev	15.fa_orf00958_rev	21.fa_orf01553_rev	25.fa_orf01490
1.fa_orf00255_rev	9.fa_orf00282	25.fa_orf00364
1.fa_orf00257_rev	15.fa_orf00897	21.fa_orf01735_rev	25.fa_orf00977
1.fa_orf00258_rev	9.fa_orf00635	21.fa_orf01594_rev	25.fa_orf00822
1.fa_orf00260	9.fa_orf00806	15.fa_orf00782	21.fa_orf02070
1.fa_orf00262_rev	9.fa_orf01279_rev	21.fa_orf01794_rev	25.fa_orf00077_rev
1.fa_orf00264	9.fa_orf01044_rev	15.fa_orf00502_rev	25.fa_orf01664_rev
1.fa_orf00270_rev	9.fa_orf01684	25.fa_orf00221
1.fa_orf00274_rev	15.fa_orf00576	21.fa_orf02015_rev
1.fa_orf00275	9.fa_orf02447_rev	15.fa_orf01041_rev
1.fa_orf00276	9.fa_orf00110	21.fa_orf00569_rev	25.fa_orf01627_rev
1.fa_orf00277	9.fa_orf02304_rev	25.fa_orf00297
1.fa_orf00282	9.fa_orf00137	21.fa_orf00641	25.fa_orf01565_rev
1.fa_orf00283	9.fa_orf01545_rev	21.fa_orf02032	25.fa_orf01251_rev
1.fa_orf00284	9.fa_orf02167_rev	15.fa_orf00585
1.fa_orf00286	9.fa_orf00887	21.fa_orf00952
1.fa_orf00287	9.fa_orf02244_rev	15.fa_orf00688_rev
1.fa_orf00289	21.fa_orf01875
1.fa_orf00290	21.fa_orf01176_rev	25.fa_orf01376_rev
1.fa_orf00292	9.fa_orf01067_rev	15.fa_orf00119
1.fa_orf00294_rev	15.fa_orf00267_rev	25.fa_orf00150
1.fa_orf00295_rev	9.fa_orf00949	15.fa_orf00286_rev	21.fa_orf01963
1.fa_orf00296_rev	9.fa_orf00272	15.fa_orf00635	21.fa_orf02018	25.fa_orf00980
1.fa_orf00298_rev	15.fa_orf00537	21.fa_orf01534_rev
1.fa_orf00299	9.fa_orf01625_rev	25.fa_orf00842
1.fa_orf00300_rev	15.fa_orf01106	25.fa_orf00303
1.fa_orf00301	9.fa_orf01106_rev	15.fa_orf00850
1.fa_orf00306_rev	9.fa_orf02423_rev	15.fa_orf01155_rev
1.fa_orf00309	9.fa_orf00595	21.fa_orf00841
1.fa_orf00311_rev	9.fa_orf00571	15.fa_orf00920	25.fa_orf01836_rev
1.fa_orf00313_rev	9.fa_orf02113_rev	21.fa_orf00273	25.fa_orf00148
1.fa_orf00317	9.fa_orf01345_rev	15.fa_orf01057_rev	21.fa_orf01953
1.fa_orf00318_rev	15.fa_orf00828_rev	21.fa_orf01184_rev
1.fa_orf00319_rev	15.fa_orf00396	21.fa_orf02049_rev	25.fa_orf00413
1.fa_orf00322	15.fa_orf00701
1.fa_orf00323_rev	9.fa_orf01195_rev	21.fa_orf01834_rev	25.fa_orf01328_rev
1.fa_orf00324_rev	9.fa_orf01860_rev	15.fa_orf00948	21.fa_orf01886	25.fa_orf00378
1.fa_orf00327	9.fa_orf00216_rev	21.fa_orf01044	25.fa_orf01735_rev
1.fa_orf00329	9.fa_orf01385_rev	21.fa_orf01590_rev	25.fa_orf01060
1.fa_orf00330	15.fa_orf00640_rev
1.fa_orf00331	9.fa_orf00440	15.fa_orf00141	21.fa_orf01556_rev	25.fa_orf00738
1.fa_orf00332_rev	9.fa_orf00808	21.fa_orf00827
1.fa_orf00333_rev	9.fa_orf00655_rev	15.fa_orf01189_rev	21.fa_orf00120_rev	25.fa_orf01235_rev
1.fa_orf00335	9.fa_orf00929_rev	25.fa_orf01742_rev
1.fa_orf00336	9.fa_orf00049_rev	21.fa_orf00707	25.fa_orf00547
1.fa_orf00338	9.fa_orf01782	25.fa_orf00609
1.fa_orf00339	9.fa_orf02153	15.fa_orf00880	21.fa_orf00854	25.fa_orf01567_rev
1.fa_orf00341_rev	9.fa_orf00096	21.fa_orf00168	25.fa_orf00155
1.fa_orf00342	9.fa_orf00536_rev	15.fa_orf00624_rev
1.fa_orf00344	15.fa_orf00336	25.fa_orf00218
1.fa_orf00345_rev	15.fa_orf00911	21.fa_orf01496_rev
1.fa_orf00348	15.fa_orf00250_rev	25.fa_orf00641
1.fa_orf00349	9.fa_orf01216_rev	15.fa_orf00376	21.fa_orf01961_rev
1.fa_orf00351_rev	15.fa_orf00134_rev
1.fa_orf00352	15.fa_orf01039_rev	21.fa_orf02045_rev	25.fa_orf01204_rev
1.fa_orf00354	9.fa_orf00888	15.fa_orf01120_rev	21.fa_orf02014_rev	25.fa_orf00667
1.fa_orf00356	15.fa_orf00761	21.fa_orf01984_rev	25.fa_orf01544
1.fa_orf00357	9.fa_orf02602	15.fa_orf00102	25.fa_orf00291
1.fa_orf00360	15.fa_orf00698_rev	25.fa_orf01420
1.fa_orf00361	9.fa_orf02638_rev	15.fa_orf00043	21.fa_orf00424
1.fa_orf00363_rev	9.fa_orf01636_rev	21.fa_orf00677
1.fa_orf00364	9.fa_orf00719_rev	21.fa_orf01729
1.fa_orf00365	9.fa_orf01412	21.fa_orf01500_rev	25.fa_orf00256
1.fa_orf00366	15.fa_orf00663	21.fa_orf00562	25.fa_orf01438_rev
1.fa_orf00367	9.fa_orf01766_rev	21.fa_orf00373	25.fa_orf01429_rev
1.fa_orf00368_rev	15.fa_orf00204	21.fa_orf00861
1.fa_orf00369	9.fa_orf02202_rev	21.fa_orf00304	25.fa_orf00930_rev
1.fa_orf00373	25.fa_orf01946
1.fa_orf00374_rev	9.fa_orf00147	15.fa_orf00343_rev
1.fa_orf00375	21.fa_orf01520_rev	25.fa_orf00955
1.fa_orf00376_rev	9.fa_orf00013_rev	15.fa_orf00380_rev	21.fa_orf00932	25.fa_orf01951_rev
1.fa_orf00377	21.fa_orf01225	25.fa_orf00173
1.fa_orf00380_rev	15.fa_orf01111	25.fa_orf00038_rev
1.fa_orf00384	9.fa_orf00163_rev	15.fa_orf01011_rev	21.fa_orf01146	25.fa_orf00055
1.fa_orf00386	9.fa_orf00069	21.fa_orf01045	25.fa_orf01032
1.fa_orf00387_rev	9.fa_orf00193	15.fa_orf00909	25.fa_orf00883
1.fa_orf00389_rev	9.fa_orf01077	15.fa_orf00190	21.fa_orf01108	25.fa_orf01751_rev
1.fa_orf00391_rev	9.fa_orf02330_rev	21.fa_orf00588_rev	25.fa_orf00334_rev
1.fa_orf00393	15.fa_orf00973	21.fa_orf01865	25.fa_orf00203
1.fa_orf00394_rev	25.fa_orf00860
1.fa_orf00396	9.fa_orf01198_rev	15.fa_orf00644	21.fa_orf00142	25.fa_orf01250_rev
1.fa_orf00399	9.fa_orf01117_rev	21.fa_orf01355_rev
1.fa_orf00401	21.fa_orf00547	25.fa_orf01764_rev
1.fa_orf00402_rev	9.fa_orf01186_rev	15.fa_orf01195	21.fa_orf01710_rev	25.fa_orf00629_rev
1.fa_orf00406	9.fa_orf00210_rev	15.fa_orf00053_rev	25.fa_orf01445_rev
1.fa_orf00409	9.fa_orf00925
1.fa_orf00414_rev	9.fa_orf01878_rev	15.fa_orf00719_rev	21.fa_orf00067	25.fa_orf01857_rev
1.fa_orf00415	9.fa_orf01318	15.fa_orf00876_rev	21.fa_orf02042_rev	25.fa_orf00388_rev
1.fa_orf00417_rev	15.fa_orf00731_rev	21.fa_orf01206_rev	25.fa_orf00590
1.fa_orf00420_rev	9.fa_orf02223_rev	15.fa_orf00542_rev	21.fa_orf01813_rev
1.fa_orf00421	9.fa_orf00617_rev	21.fa_orf00256
1.fa_orf00422_rev	9.fa_orf01083_rev	15.fa_orf00059	25.fa_orf00138
1.fa_orf00423_rev	9.fa_orf01762_rev	15.fa_orf00230	25.fa_orf00332
1.fa_orf00429_rev	9.fa_orf02566_rev	15.fa_orf00023	21.fa_orf00459
1.fa_orf00430	9.fa_orf00711_rev
1.fa_orf00433	9.fa_orf01107_rev	25.fa_orf00278
1.fa_orf00434_rev	9.fa_orf02364_rev	15.fa_orf01164
1.fa_orf00435_rev	9.fa_orf01081_rev	15.fa_orf00114_rev	21.fa_orf00875_rev	25.fa_orf01715_rev
1.fa_orf00438	9.fa_orf01175_rev	21.fa_orf00043
1.fa_orf00439_rev	9.fa_orf00412	21.fa_orf00877_rev	25.fa_orf00900
1.fa_orf00442	9.fa_orf00011	21.fa_orf00331	25.fa_orf00805
1.fa_orf00443_rev	9.fa_orf02560_rev	21.fa_orf00629_rev	25.fa_orf01034
1.fa_orf00444_rev	25.fa_orf01044
1.fa_orf00446_rev	9.fa_orf02276_rev	15.fa_orf01021	21.fa_orf00774	25.fa_orf01729_rev
1.fa_orf00447	9.fa_orf00102	15.fa_orf00152_rev	21.fa_orf01964_rev	25.fa_orf01460_rev
1.fa_orf00448	9.fa_orf00225	15.fa_orf00260	21.fa_orf01321_rev	25.fa_orf01757_rev
1.fa_orf00450_rev	9.fa_orf02531
1.fa_orf00451_rev	15.fa_orf00231	21.fa_orf01487	25.fa_orf00698
1.fa_orf00453_rev	21.fa_orf00128_rev	25.fa_orf01270_rev
1.fa_orf00454	9.fa_orf00648	21.fa_orf00863	25.fa_orf01498_rev
1.fa_orf00457	9.fa_orf01241_rev	15.fa_orf00582_rev	21.fa_orf01261_rev	25.fa_orf00597
1.fa_orf00458	15.fa_orf00812
1.fa_orf00460_rev	21.fa_orf01323
1.fa_orf00461	9.fa_orf00059_rev	21.fa_orf01227
1.fa_orf00462	21.fa_orf01614_rev	25.fa_orf00212
1.fa_orf00463	15.fa_orf00832	21.fa_orf01802_rev
1.fa_orf00465	9.fa_orf00455	15.fa_orf00813	21.fa_orf00680	25.fa_orf01809_rev
1.fa_orf00466	9.fa_orf01912	15.fa_orf00074	21.fa_orf02023_rev
1.fa_orf00468	9.fa_orf02481	15.fa_orf00258	21.fa_orf00797	25.fa_orf01111_rev
1.fa_orf00469	15.fa_orf00623_rev	21.fa_orf00637
1.fa_orf00471	9.fa_orf01755_rev	21.fa_orf00755
1.fa_orf00473	9.fa_orf02474_rev	15.fa_orf01185	21.fa_orf01156_rev	25.fa_orf01898_rev
1.fa_orf00474	9.fa_orf01783_rev	15.fa_orf00942	21.fa_orf01772_rev	25.fa_orf01728
1.fa_orf00475	9.fa_orf00658_rev	15.fa_orf00760_rev	25.fa_orf00050
1.fa_orf00477	9.fa_orf00957	21.fa_orf01101	25.fa_orf01948_rev
1.fa_orf00479	21.fa_orf01778_rev
1.fa_orf00481	9.fa_orf01101_rev	15.fa_orf00095	25.fa_orf01055
1.fa_orf00482_rev	15.fa_orf00815	21.fa_orf00529
1.fa_orf00483	15.fa_orf00037	21.fa_orf00756
1.fa_orf00484_rev	9.fa_orf00744	21.fa_orf00506	25.fa_orf01667
1.fa_orf00485	9.fa_orf00757	21.fa_orf00988	25.fa_orf00281
1.fa_orf00488_rev	21.fa_orf01271	25.fa_orf01674
1.fa_orf00490	9.fa_orf00869	21.fa_orf00141_rev	25.fa_orf00272
1.fa_orf00491_rev	9.fa_orf02459_rev	25.fa_orf01545_rev
1.fa_orf00492	9.fa_orf00144	15.fa_orf01133	21.fa_orf00008	25.fa_orf00484
1.fa_orf00493	15.fa_orf00593	21.fa_orf00443	25.fa_orf00338
1.fa_orf00494_rev	25.fa_orf00030
1.fa_orf00496	9.fa_orf00653	15.fa_orf01214	21.fa_orf00513_rev	25.fa_orf01385_rev
1.fa_orf00497_rev	9.fa_orf01888_rev	25.fa_orf00104_rev
1.fa_orf00499	9.fa_orf02081_rev
1.fa_orf00501	21.fa_orf00296	25.fa_orf00140
1.fa_orf00502	9.fa_orf01159_rev	15.fa_orf00348	21.fa_orf00646
1.fa_orf00503	9.fa_orf01760_rev
1.fa_orf00504_rev	15.fa_orf00432_rev
1.fa_orf00505_rev	25.fa_orf01609_rev
1.fa_orf00506_rev	15.fa_orf00823_rev	25.fa_orf00244
1.fa_orf00507_rev	9.fa_orf00819	21.fa_orf02037	25.fa_orf00313
1.fa_orf00509	15.fa_orf00127_rev	21.fa_orf01039	25.fa_orf01366_rev
1.fa_orf00511_rev	9.fa_orf02442	15.fa_orf00340	21.fa_orf00364	25.fa_orf00888
1.fa_orf00515	15.fa_orf00301	21.fa_orf00813_rev	25.fa_orf00894
1.fa_orf00516_rev	15.fa_orf00849	21.fa_orf00158	25.fa_orf00515
1.fa_orf00518	9.fa_orf01607_rev	15.fa_orf00684_rev	21.fa_orf00693	25.fa_orf00734
1.fa_orf00523	9.fa_orf01289_rev	15.fa_orf00654	21.fa_orf00497	25.fa_orf01590_rev
1.fa_orf00524_rev	21.fa_orf00652
1.fa_orf00525_rev	9.fa_orf02014_rev	15.fa_orf00724_rev	21.fa_orf00343	25.fa_orf00405
1.fa_orf00530	9.fa_orf01057_rev	21.fa_orf00976
1.fa_orf00531	9.fa_orf00203	15.fa_orf00435_rev	21.fa_orf00850	25.fa_orf00963_rev
1.fa_orf00532	9.fa_orf01251_rev	15.fa_orf00189_rev	21.fa_orf00302	25.fa_orf01593_rev
1.fa_orf00534_rev	9.fa_orf01992_rev	15.fa_orf00840_rev	21.fa_orf01000	25.fa_orf00642
1.fa_orf00538	15.fa_orf00540_rev	21.fa_orf01805	25.fa_orf01710_rev
1.fa_orf00539_rev	9.fa_orf00816	25.fa_orf01161_rev
1.fa_orf00541_rev	9.fa_orf02325	15.fa_orf00853_rev	21.fa_orf00012
1.fa_orf00545_rev	25.fa_orf01064_rev
1.fa_orf00551	21.fa_orf00087
1.fa_orf00552_rev	9.fa_orf00666_rev	15.fa_orf01237	21.fa_orf01277_rev	25.fa_orf00645_rev
1.fa_orf00554	9.fa_orf01678	15.fa_orf01009_rev	25.fa_orf00103_rev
1.fa_orf00556_rev	25.fa_orf00200
1.fa_orf00561_rev	9.fa_orf00786	21.fa_orf00187_rev	25.fa_orf00197
1.fa_orf00562	9.fa_orf02288_rev	15.fa_orf00224_rev	21.fa_orf00955
1.fa_orf00564	15.fa_orf00787_rev	21.fa_orf01259	25.fa_orf02001
1.fa_orf00565_rev	9.fa_orf00211_rev	21.fa_orf00803_rev	25.fa_orf00792
1.fa_orf00567_rev	9.fa_orf01339_rev	21.fa_orf00785	25.fa_orf00142
1.fa_orf00568	9.fa_orf01620_rev	15.fa_orf00263_rev	21.fa_orf00382	25.fa_orf01558
1.fa_orf00569_rev	9.fa_orf01391	15.fa_orf01070	21.fa_orf01006	25.fa_orf01447
1.fa_orf00571_rev	15.fa_orf00321	21.fa_orf00041
1.fa_orf00576	9.fa_orf01781_rev	25.fa_orf01202_rev
1.fa_orf00578	15.fa_orf01242	21.fa_orf01196_rev	25.fa_orf00672
1.fa_orf00582_rev	9.fa_orf01875_rev
1.fa_orf00584	25.fa_orf01851_rev
1.fa_orf00586	9.fa_orf00158	15.fa_orf01144_rev
1.fa_orf00591	21.fa_orf00053
1.fa_orf00594_rev	21.fa_orf01264	25.fa_orf01179_rev
1.fa_orf00595_rev	21.fa_orf00993
1.fa_orf00596	9.fa_orf01573_rev	21.fa_orf01762_rev
1.fa_orf00597	15.fa_orf00259	21.fa_orf01633
1.fa_orf00599	9.fa_orf00741	15.fa_orf00898
1.fa_orf00602	9.fa_orf00789	21.fa_orf00221
1.fa_orf00604	9.fa_orf00070	15.fa_orf00559_rev	21.fa_orf02073_rev	25.fa_orf01381_rev
1.fa_orf00605	9.fa_orf01874_rev	15.fa_orf00867_rev
1.fa_orf00606	15.fa_orf00289
1.fa_orf00612	25.fa_orf01365_rev
